method,knn,simple
mar,0.7637387116750082,0.9896577894687653
mcar,0.7876962025960287,0.9879883031050364
