method,llm
mar,0.979289690653483
mcar,0.9760642449061075
