method,05.parquet,15.parquet,30.parquet
mar,0.8840774893760681,0.9770022034645081,1.076789379119873
mcar,0.9088717103004456,0.9709298014640808,1.0483912229537964
